"PIDN","Ca","P","pH","SOC","Sand"
"09gt9UK5",-0.22424504160881,-0.397494614124298,-1.16309607028961,-0.491983354091644,0.877205908298492
"0BVvxJ6a",0.605858325958252,-0.278909921646118,0.114103883504868,0.219748824834824,-0.828841090202332
"0KbdgApg",-0.277128368616104,-0.295646756887436,0.227492183446884,0.13742484152317,-1.00669014453888
"0MnuuduB",-0.532068312168121,-0.300571829080582,-0.527247726917267,0.0846527293324471,-0.697386205196381
"0PcIsF9z",-0.302999824285507,-0.185103952884674,-1.38166701793671,-0.452786773443222,-0.697231888771057
"0ShTFLYJ",-0.30602753162384,-0.261541873216629,-0.770558416843414,-0.716212213039398,0.16427518427372
"0XZh9jka",-0.613763391971588,-0.0451373234391212,-1.00233125686646,0.388828128576279,-0.51623946428299
"0Y7Wegri",-0.279405057430267,-0.261541873216629,0.719857633113861,-0.0754920095205307,0.672934532165527
"0dTqplIM",0.0556464828550816,-0.146745070815086,0.0206632986664772,0.0281206648796797,-0.760627686977386
"0lNiZicC",-0.346142947673798,-0.298399776220322,-0.632285475730896,-0.755829155445099,-0.463515162467957
"0rGeJ0QN",-0.313767820596695,0.076922133564949,-0.409356266260147,0.248955607414246,0.42291846871376
"0sXI9ytQ",-0.414918303489685,-0.139685213565826,-0.332884430885315,-0.682605504989624,1.77564895153046
"0ukt4aP6",0.490392774343491,-0.366578578948975,0.937040388584137,-0.400033593177795,-0.339459747076035
"1AGspb8f",-0.216558411717415,-0.683319985866547,-0.993058621883392,0.101569689810276,-1.44851398468018
"1Csy0gvE",-0.388764292001724,-0.289046466350555,-0.284343540668488,-0.538376808166504,0.482295036315918
"1Ic2hly1",-0.352111488580704,-0.354843944311142,-0.101385474205017,-0.0626759007573128,0.0533142574131489
"1PPbaTwt",-0.3942751288414,-0.685126543045044,-0.979516386985779,-0.453234702348709,1.08694553375244
"1SO5VJNy",-0.398459434509277,-0.282094895839691,0.143898233771324,-0.431980013847351,1.13398766517639
"1arHxK3Y",0.975121200084686,1.45077013969421,0.930246293544769,0.435079902410507,-0.200080558657646
"1fCW4Bba",-0.300631433725357,0.279919445514679,0.423710972070694,-0.283566117286682,1.09141170978546
"1qDZNvIm",-0.389314353466034,-0.290523946285248,-0.107895836234093,-0.668697357177734,1.32809019088745
"28LYJC2V",-0.350923866033554,-0.184943720698357,-0.969906508922577,0.442311376333237,-0.222549840807915
"2CzACvQq",0.463615238666534,0.348541647195816,1.83340716362,-0.422121852636337,-0.731557369232178
"2FT3crfv",-0.328166931867599,-0.135160773992538,-0.606720507144928,-0.259895861148834,-0.53337836265564
"2Fy2uHVg",-0.352695971727371,-0.261541873216629,-0.531432867050171,-0.465180993080139,-0.26982644200325
"2MkMEApm",-0.36104229092598,-1.53762364387512,0.300311326980591,-0.525753378868103,1.04314851760864
"2NDGWEOe",0.503567636013031,-0.0220378041267395,1.79377925395966,-0.486151516437531,-0.645303547382355
"2NyyCiqn",-0.327394902706146,-0.795479536056519,3.82170801458415e-05,-0.387953788042068,0.838109850883484
"2QRzIb84",0.581654906272888,0.697533190250397,2.28246831893921,-0.447898715734482,0.399818271398544
"2QcbdrUZ",-0.319941252470016,-0.264273524284363,0.406207531690598,-0.453455984592438,1.24110972881317
"2YgAimWK",-0.310001164674759,0.462529808282852,0.508825421333313,-0.345180422067642,1.02809679508209
"2cx85d9H",-0.180648192763329,-0.29911133646965,0.083869956433773,0.325991243124008,-1.03013670444489
"2homMXMV",-0.358910858631134,-0.713228762149811,-1.19625663757324,0.106143988668919,0.198256313800812
"2ldLrUtq",-0.415576070547104,-0.14627169072628,0.865110218524933,-0.501588463783264,-0.292857438325882
"2nsACW6G",-0.35999271273613,-0.536635100841522,0.0105846840888262,0.502347052097321,-2.62144684791565
"2yMbVnWc",-0.26543202996254,1.18136727809906,-1.47840011119843,1.62960493564606,-0.0306016374379396
"36r8sgGQ",-0.376298159360886,-0.0641691833734512,-0.0753140226006508,-0.599391520023346,0.718111097812653
"3NXAXCl3",-0.296264886856079,-0.287783950567245,-0.545411705970764,0.447831362485886,-0.787928819656372
"3QG0z6fl",-0.337777584791183,-0.261541873216629,-0.610662758350372,-0.542955875396729,0.425039976835251
"3WS8R9qm",-0.278948754072189,-0.335199147462845,-0.593551456928253,2.96868062019348,-1.2059543132782
"3fRLm8f5",-0.339260697364807,-0.923375964164734,-0.820962727069855,-0.197856277227402,0.0500633530318737
"3mZhp1nQ",-0.339368730783463,-0.261541873216629,-0.142483800649643,-0.544790267944336,1.06853747367859
"3pikJXRL",0.126701265573502,-0.876774966716766,-1.24098324775696,-0.213388442993164,-1.03007018566132
"3pxOEGHL",-0.419096231460571,-0.122345417737961,-0.535772621631622,-0.53103893995285,0.4420545399189
"3ttdV3f5",-0.343085467815399,-0.261541873216629,0.0148987052962184,-0.104735016822815,-0.8094242811203
"3v4X6Mfe",0.682313919067383,-0.517705023288727,1.56319844722748,-0.395475268363953,0.0370812714099884
"3wORuPiv",-0.460179418325424,-0.164893180131912,-0.775746405124664,-0.327810078859329,-0.525503218173981
"43EfrxZj",-0.197745084762573,-0.126774504780769,0.0526926256716251,0.310826450586319,-0.889186799526215
"457Vwm21",-0.179886400699615,-0.261541873216629,0.916234135627747,0.140626698732376,-0.0293835625052452
"46KNnOdx",-0.393263310194016,-0.315545797348022,-1.61361610889435,0.150194332003593,-0.846574008464813
"47TwNsVC",-0.360847979784012,-0.263786435127258,-1.24874949455261,1.68821406364441,-1.40980446338654
"49856RpO",-0.392234295606613,-0.219003394246101,-1.14760255813599,-0.270091503858566,-0.414311617612839
"4Ane1o2N",-0.385053813457489,-0.231197267770767,-0.322503000497818,-0.443660408258438,0.048408254981041
"4AyVUgSc",-0.339779943227768,-0.261541873216629,-0.656439065933228,-0.478065550327301,-0.754014790058136
"4B1951On",-0.207784235477448,-0.634147644042969,-0.275148868560791,-0.256656348705292,1.01144075393677
"4OL39Teo",-0.0968748554587364,0.161880925297737,0.043628353625536,0.273877412080765,-0.670081973075867
"4eQ90eLY",-0.256868928670883,-0.179341450333595,-0.0808717980980873,0.357953071594238,-0.659336388111115
"4o5jwMj8",-0.392250746488571,-0.206054851412773,-1.0199156999588,-0.755282461643219,0.309660226106644
"4vPgpl2c",-0.386414438486099,-0.524386882781982,-0.682026445865631,-0.551774680614471,0.848812639713287
"51r9aA0d",-0.351773858070374,-0.294738829135895,-0.413620114326477,-0.719079852104187,-0.801689147949219
"58SmeRoP",-0.236958310008049,0.164605855941772,1.1161299943924,0.212338596582413,-0.578080892562866
"5HJp1AXn",-0.370839715003967,-0.0911462381482124,-1.00170433521271,0.665778338909149,-0.471494227647781
"5MBZW7fx",0.0856968834996223,-0.295406311750412,0.834633708000183,-0.41262498497963,-0.557560086250305
"5Nq3gHaP",0.309073030948639,1.30513775348663,0.248350098729134,0.953218042850494,-0.681392133235931
"5RmwFFK3",0.775266945362091,0.141323149204254,0.151225492358208,0.472818970680237,-0.948907136917114
"5Tu5Jbov",-0.331989586353302,-0.261541873216629,-0.685206413269043,0.291730254888535,-0.397928804159164
"5YEolkev",-0.290740817785263,-0.273592829704285,0.319849938154221,-0.429332137107849,-0.277223110198975
"5a8sf6QV",-0.265618771314621,-0.261541873216629,0.435048550367355,0.0485780946910381,-0.756237089633942
"5eSvmqYm",-0.31284087896347,-0.261541873216629,-0.152675777673721,-0.468662023544312,-0.343802779912949
"5hkN8fiv",-0.0797281414270401,-0.231485977768898,-1.23594546318054,0.674720525741577,-0.867804527282715
"5oK8Gti5",-0.245054692029953,-0.436999380588531,-0.745759069919586,-0.521328508853912,1.25303530693054
"5paniGaU",-0.404233783483505,0.0134243415668607,-1.19947826862335,-0.633525967597961,1.44713139533997
"5vsr7ZUP",0.717552721500397,-0.279131323099136,0.776118636131287,-0.109853066504002,-0.786161780357361
"60B4xMWI",-0.0602455027401447,-0.0441057570278645,0.997086107730865,-0.661801636219025,0.723207116127014
"64jOUtKy",0.0252160020172596,0.937862932682037,-0.140892878174782,1.21028745174408,-1.04056632518768
"6AJo4xNG",-0.371245414018631,-0.398672014474869,0.0599835701286793,0.261437982320786,0.318337291479111
"6CAvhEte",-0.416458576917648,-0.645766735076904,-1.11066854000092,-0.346256732940674,0.658010065555573
"6CuGYjT5",2.84105706214905,0.00896972790360451,1.58833241462708,1.09915578365326,-0.38984477519989
"6DGH8ujZ",-0.267515599727631,0.115958526730537,-1.12282848358154,0.090020053088665,-0.885882616043091
"6PzsGdVm",-0.196300894021988,-0.271924763917923,-0.806561827659607,0.415504425764084,-0.825280010700226
"6UcSJMbq",0.0710907354950905,0.461497217416763,0.398843884468079,-0.677788019180298,0.308188289403915
"6WJbkH8U",1.2217515707016,-0.271444469690323,1.86775898933411,-0.336467653512955,-0.372854560613632
"6eUWsVzw",0.536873877048492,-0.264316082000732,0.686688363552094,-0.10019276291132,-1.04042315483093
"6gNyO7Do",-0.186539560556412,-0.314547777175903,0.221694663167,0.509307980537415,-0.843464553356171
"6jT0AyHe",-0.2967249751091,-0.441684156656265,-0.182804346084595,0.143320396542549,-0.753681600093842
"6nBgCvWu",-0.369583874940872,-0.261541873216629,0.308230817317963,-0.436433494091034,1.75209975242615
"6ro5mqg6",-0.295054316520691,-1.286172747612,-0.472108453512192,-0.302130073308945,0.404541820287704
"6sGqObX4",-0.388999342918396,-0.264499425888062,-0.190311297774315,-0.486965119838715,-1.13372898101807
"6uEGy0n4",1.74229979515076,-0.161483138799667,1.77283585071564,-0.523346841335297,-0.526002824306488
"7BZ4LxP8",-0.130185380578041,-0.417851835489273,0.113312728703022,-0.31788569688797,-0.650713324546814
"7CmigXKi",-0.451987564563751,-0.442475378513336,-0.776954293251038,-0.440684616565704,1.02065706253052
"7Ga0LpfR",0.738383412361145,0.365622192621231,-0.335321128368378,2.54868507385254,-0.805695116519928
"7PQsFvsG",-0.161164343357086,-0.320418626070023,-1.34310257434845,1.32460129261017,-0.699410259723663
"7aF7nnwn",-0.362442135810852,-0.297474712133408,-0.591853678226471,-0.624700546264648,0.803100168704987
"7asGzfX9",-0.327246755361557,0.0391810238361359,-0.336760640144348,-0.469929993152618,-0.348762899637222
"7cg7C92o",-0.126236543059349,1.8795440196991,0.082906074821949,0.519311308860779,-0.645514369010925
"7eOxTpsB",-0.306225061416626,-0.295726627111435,0.530943930149078,-0.49095231294632,1.27182066440582
"7ey0v7ma",-0.261557519435883,-0.330944567918777,-0.80057418346405,0.241579741239548,-0.914247572422028
"7gocyrYl",-0.237117171287537,-0.181938305497169,-0.571371257305145,0.584251582622528,-0.171251133084297
"7gqR3GoA",-0.307458370923996,-0.124398998916149,-0.0930391475558281,-0.395749241113663,-0.452210932970047
"7og7aUXB",-0.200784459710121,-0.104372955858707,0.0845927521586418,-0.150853931903839,-0.452040523290634
"7onRfa8F",0.0504306182265282,-1.32703685760498,0.538425266742706,-0.344048887491226,1.37932252883911
"7umkNuxM",-0.220314055681229,-0.110866814851761,-0.662141025066376,0.400909125804901,-0.530065715312958
"7vPr9ExD",-0.299377381801605,-0.282428175210953,0.0783775523304939,0.134540915489197,-0.688523292541504
"7zNjpCzu",-0.325174659490585,-0.261541873216629,-0.143967047333717,-0.159883812069893,-0.614335596561432
"7ztsQNj3",-0.332865536212921,-0.261541873216629,-0.513775527477264,-0.14285771548748,-0.558031797409058
"86gppwMI",-0.437122911214828,-0.195402666926384,-1.83583581447601,-0.178107723593712,1.15370428562164
"88thAGdL",-0.348638713359833,-0.330150991678238,-0.189626440405846,-0.0924029424786568,-0.143569216132164
"8GhU8STP",1.08410775661469,0.0100941574200988,1.09557092189789,0.189050614833832,-0.617261290550232
"8NlzDcWe",-0.341845214366913,-0.305899381637573,-0.913970291614532,-0.468600332736969,-0.409438073635101
"8QAejdLW",-0.302059024572372,-0.293376863002777,0.185460224747658,0.19313882291317,-1.1392627954483
"8RDeFxWM",-0.37071880698204,-0.295606970787048,0.0101313246414065,-0.389001995325089,1.24574935436249
"8UXP2NBS",-0.31597051024437,-0.369637101888657,-0.822260916233063,-0.715327680110931,0.585970282554626
"8ZoV3KGT",-0.283214449882507,-0.261541873216629,0.121988229453564,-0.213626965880394,-0.157483607530594
"8ajs2uG8",-0.479255199432373,-0.27513712644577,-1.07350623607635,-0.134099319577217,-0.878316938877106
"8bXnz62p",0.132068201899529,0.132040023803711,-0.00677220756188035,0.18178616464138,-0.129051089286804
"8nO1O1LG",1.78678739070892,0.511002957820892,1.31432783603668,1.88638281822205,-0.593519806861877
"8xE1p8g8",-0.571365296840668,-0.0670332536101341,-0.888105034828186,-0.293202608823776,-0.331039160490036
"8yMDVMRM",-0.446578174829483,-0.410579770803452,-1.28959441184998,-0.29447016119957,-0.36517459154129
"98R5VaPi",0.425603985786438,-0.387143671512604,3.01130199432373,-0.704645752906799,1.01855707168579
"9DcTz2Ua",3.02162384986877,-0.115891613066196,1.78719043731689,0.904559850692749,-0.371466785669327
"9G7nfUrK",-0.172738090157509,-2.95339822769165,-0.720562160015106,-0.660703301429749,0.779035270214081
"9O6GZ1HT",0.021868022158742,0.160627827048302,0.889533579349518,-0.432953178882599,-0.591448843479156
"9S7fCoAM",-0.332836419343948,-0.261541873216629,0.423076331615448,-0.447557777166367,1.29747641086578
"9iQwmFJR",-0.347592025995255,-0.790672838687897,-0.420110732316971,-0.417313575744629,1.11220264434814
"A3Mt6SAQ",1.18737459182739,0.0395842045545578,2.21415209770203,-0.621199727058411,1.29896175861359
"AJIsQIcV",-0.318407207727432,-0.306637972593307,-0.931749045848846,-0.454258501529694,0.287180840969086
"AMHKXMh8",1.80849170684814,0.389470517635345,1.59810304641724,-0.48861625790596,-0.57837849855423
"ASwA2J4E",-0.333874762058258,-0.455840677022934,0.260548084974289,-0.399013847112656,0.907113015651703
"AaFvEoHq",0.0398805513978004,-0.333136409521103,0.400870203971863,-0.562241017818451,1.34933257102966
"AiIPD6hX",-0.288186311721802,-0.204100921750069,-0.608749032020569,0.380552113056183,-0.701019942760468
"AsIURvJS",-0.455731719732285,-0.314559131860733,-0.774793922901154,0.668032467365265,-0.653934180736542
"AsvgbJ0C",-0.335875868797302,-0.140253558754921,-0.796314895153046,0.568093538284302,-0.554114699363708
"AxEhbkCM",-0.260179162025452,-0.774237215518951,-0.762644827365875,-0.580979764461517,-0.553567290306091
"B7VPkIpx",-0.445036351680756,0.981211721897125,0.84809935092926,-0.584267139434814,-0.0150395072996616
"BBwHqHiH",-0.285146743059158,-0.345427662134171,0.419428795576096,0.250248730182648,-0.919431805610657
"BMyps8hr",-0.314075887203217,-0.250716835260391,-0.268385887145996,-0.253411769866943,-0.767716765403748
"BUHS4dQw",0.302314221858978,0.455836653709412,-0.0150738693773746,2.76424837112427,-0.49042621254921
"BZB3EYWQ",-0.399532198905945,-0.751144707202911,0.0752323493361473,-0.273211002349854,0.74575936794281
"C5UPCZcL",4.11853075027466,0.09731774777174,2.06284356117249,1.00959360599518,-0.313604950904846
"C5gIfQbJ",-0.438649415969849,-0.47429221868515,-1.42733764648438,1.04286229610443,-2.4035120010376
"CDRuu4Pn",-0.298702389001846,-0.314361810684204,-0.272465348243713,-0.534805417060852,1.13573825359344
"CQhTYkqE",0.829073131084442,-0.214785158634186,-0.039123646914959,0.157836124300957,-1.03188741207123
"CSEobMXv",-0.415183007717133,-0.318112671375275,-0.853136658668518,1.08733057975769,-1.92120325565338
"CYMQE4x0",0.106756746768951,0.480571210384369,1.16665387153625,-0.112505160272121,0.335249692201614
"ChQdtl4J",-0.332023918628693,-0.261541873216629,0.143655046820641,-0.521349251270294,0.977422058582306
"ChnD1nrN",-0.356408208608627,-0.293065190315247,-0.439855694770813,-0.721009910106659,-0.789308726787567
"CvtbbIcq",0.459752291440964,-0.226943880319595,1.62945365905762,-0.237031385302544,-0.57999175786972
"Cxk06b77",0.220635980367661,0.262318164110184,0.685855269432068,0.217868134379387,-0.234415203332901
"D3QD3ZEJ",-0.151321470737457,-0.702880799770355,-0.0784432739019394,0.325962036848068,-0.0859779044985771
"D8J5C6lA",0.653122067451477,3.10013318061829,0.827408790588379,0.056847482919693,-0.680136024951935
"DCeQwYfT",-0.0668976753950119,0.446255177259445,-0.286497861146927,0.21605621278286,-1.09267199039459
"DDEftkx3",-0.394622445106506,0.0164632145315409,-0.972263097763062,-0.507430374622345,1.05580174922943
"DEwCfeDW",-0.401718974113464,1.36490380764008,-0.441200226545334,0.294605791568756,0.290268778800964
"DMkIV4oL",-0.363212674856186,-0.31101006269455,-0.734244287014008,-0.474383652210236,0.54430741071701
"DnzGfbxS",-0.255196183919907,-0.405728965997696,0.0993769392371178,-0.104075960814953,-0.756327211856842
"DoZxo6f6",-0.377276062965393,-0.274155169725418,-0.170658379793167,-0.617080450057983,0.772572576999664
"DvhBPGIk",-0.236746519804001,-0.0562131367623806,-0.683687627315521,0.207131758332253,-0.45799919962883
"Dx7GoUcT",-0.383351355791092,-0.261541873216629,0.269539594650269,-0.619363009929657,1.98911130428314
"E5hIjohO",0.560790538787842,1.15150094032288,0.926009237766266,0.866024136543274,-0.857581436634064
"E6x4XGHt",-0.260716557502747,0.185593694448471,-0.810506403446198,-0.446888267993927,1.05145514011383
"EDEpAzh1",-0.654090344905853,-0.0878759101033211,-0.854031682014465,-0.34858301281929,-0.756369411945343
"ETGudkQt",-0.305945873260498,0.617334067821503,0.264637619256973,-0.388004004955292,0.874550521373749
"EUleKrLJ",2.21326518058777,0.0734640806913376,1.37049078941345,0.784693837165833,-0.183066308498383
"Ehw2Jz6s",-0.460264950990677,-0.253824084997177,-0.746710598468781,-0.293110340833664,0.30596199631691
"EjqzC4zH",-0.46819993853569,-0.515600919723511,-0.120563335716724,-0.435505867004395,0.717667996883392
"EkMZO3Qj",-0.357993394136429,-0.715948820114136,0.0490440018475056,-0.420989841222763,0.703730583190918
"EnoNXWvU",0.125942468643188,1.18804562091827,0.533743977546692,-0.626491367816925,0.275074660778046
"Epv8ANwr",-0.266330569982529,-0.394095659255981,-0.823919832706451,0.119175657629967,-0.455557405948639
"Etro9j0B",-0.00395544478669763,1.88401830196381,0.421614408493042,-0.20739421248436,-1.00647473335266
"F3MIZj76",-0.218499183654785,-0.128781780600548,-1.00520157814026,-0.0329633243381977,-1.03693759441376
"FB8tU00K",-0.35631000995636,-0.165685087442398,-1.15116477012634,0.256962686777115,-0.174546346068382
"FLhxBGMK",-0.329953819513321,-0.375728338956833,1.0383734703064,0.198400542140007,-1.1122043132782
"FRreR8ka",-0.323070496320724,-0.261541873216629,-0.208523407578468,-0.418922364711761,0.868423998355865
"FXne4oAV",0.370343863964081,1.03193163871765,0.546564638614655,-0.370028585195541,-1.00361621379852
"FaW764jk",0.159827217459679,1.53826951980591,0.16602523624897,-0.095320887863636,-0.932904005050659
"FeAbMXly",-0.472290188074112,-0.296765238046646,-1.19230973720551,-0.564799249172211,0.595806002616882
"FeudaFXn",2.0279598236084,-0.0614256411790848,1.60697042942047,-1.00866723060608,-0.204657509922981
"FldUmFeM",1.33871519565582,-0.269592046737671,1.63651251792908,-0.371810495853424,0.244507193565369
"Fnv5tfAm",-0.312459737062454,-0.261541873216629,-0.765650153160095,0.0356225892901421,-0.642918050289154
"FvrAd3Or",-0.201411038637161,-0.290393203496933,0.6863112449646,-0.594679474830627,1.24176609516144
"G48zHffi",-0.0220373552292585,0.516301691532135,2.15297675132751,-0.32975047826767,0.99385529756546
"G76zCv5N",-0.36555090546608,-0.420569241046906,-0.360405504703522,-0.466759562492371,-0.251915842294693
"G7JGUdNf",-0.227328762412071,-0.320740461349487,0.626419186592102,-0.0121582271531224,-0.956357777118683
"GCo6MONx",1.02412760257721,0.107821732759476,0.638414204120636,0.554467380046844,-0.145981922745705
"GE0vbpVQ",-0.344881236553192,-0.296707034111023,-0.266826808452606,-0.283758521080017,0.694333672523499
"GN0DfOqt",-0.209995955228806,-2.86376762390137,-0.303438812494278,-0.707129061222076,0.718632459640503
"GNsTAb1v",-0.600617110729218,-0.192409411072731,-0.712777733802795,-0.228337720036507,-0.844159185886383
"GPwmO21z",-0.15984471142292,-0.114899985492229,-0.805651366710663,0.259481608867645,-0.989424645900726
"GQYpfLoh",0.86479377746582,0.0536790043115616,-0.0498269088566303,0.715537846088409,-0.826768517494202
"GR9knT8n",-0.0832041054964066,-0.280220597982407,-1.30485498905182,0.949432015419006,-0.699322640895844
"GXtFFbZy",-0.221067726612091,-0.153836145997047,0.454935312271118,-0.409220457077026,-0.63508677482605
"GYvzvvFD",-0.44103741645813,-0.392398476600647,-1.95071256160736,0.145448476076126,0.867909789085388
"GemPjTJ9",-0.329777270555496,0.0138905579224229,-1.18057692050934,0.482441395521164,-0.499484062194824
"GkLYRm1K",1.96088528633118,-0.0929986611008644,1.8808867931366,-0.597661077976227,-0.763063371181488
"GmlqP8eI",-0.527409374713898,-0.712173223495483,-0.629967272281647,-0.594168424606323,-0.600001454353333
"GqkIrOvf",-0.343406200408936,-0.254363834857941,-0.675240874290466,1.2525669336319,-0.927429497241974
"H0fsegPi",-0.340780794620514,-0.261541873216629,-0.130825787782669,-0.472735464572906,0.826574862003326
"H4dHpJjU",1.9207535982132,0.328333973884583,1.43665099143982,0.918370366096497,-0.450285941362381
"H5QwJCuU",3.07128715515137,0.353634029626846,1.99260199069977,0.633979678153992,-0.808716356754303
"H5uwmSZ0",-0.521574795246124,-1.14624094963074,-0.877655684947968,-0.523069739341736,0.849065184593201
"H8MtbVoL",-0.339750230312347,-0.329154670238495,-0.0679460540413857,-0.166690051555634,-0.432962894439697
"H9JrUYnp",-0.3256516456604,-0.261541873216629,0.0135815646499395,-0.269749969244003,0.906582891941071
"HHYmmHVk",-0.376005262136459,-0.275318413972855,-0.664004564285278,-0.509418249130249,1.56467616558075
"HJ5U4uqL",-0.562573373317719,-0.358069390058517,-1.38581943511963,-0.3322933614254,-0.345389872789383
"HNQxYc4w",-0.109490349888802,-0.579420387744904,-0.534089982509613,-0.547593593597412,-0.340971022844315
"HQYhKHZ8",-0.5572310090065,-0.252515107393265,-0.834480941295624,-0.319952398538589,-0.124204143881798
"HSCMx0MC",-0.381910175085068,-0.111843429505825,0.111451387405396,-0.428702533245087,1.1530590057373
"HXYuE0fx",2.07595896720886,-0.0664762705564499,1.54983222484589,0.239019155502319,-0.494208484888077
"HdKcxEWr",0.324709415435791,0.0653098896145821,0.268723845481873,0.373012185096741,-0.308051437139511
"HecW1iCC",-0.573755025863647,-0.224476307630539,-0.72298800945282,-0.444799602031708,-0.714412271976471
"HpbKB8rv",-0.233110323548317,-0.429586201906204,-1.09880983829498,0.910170376300812,-0.791975975036621
"HrkoYjCg",0.00433876598253846,3.89823150634766,0.0437983646988869,0.872335851192474,-0.619521915912628
"I5P2uquT",-0.205921590328217,-0.555816054344177,-0.149407848715782,-0.312058240175247,1.39464044570923
"I94qkDM7",-0.422909170389175,-0.271327257156372,-1.89170658588409,-0.21271575987339,0.700322151184082
"I9sQbtt8",-0.0431183874607086,-0.501995027065277,-0.985553026199341,1.8597104549408,-1.09367024898529
"IFxgw6ZX",-0.388373613357544,-0.0743163004517555,-0.58789199590683,-0.370653182268143,-0.39729517698288
"IPPPSyoU",-0.372494250535965,-0.156968206167221,-1.00850462913513,0.509680926799774,-0.401157945394516
"IQOYQubU",1.50510132312775,0.0664935484528542,1.22585332393646,0.00465788505971432,-0.400803744792938
"IYNE2SxU",-0.36686897277832,-0.261541873216629,-0.255785405635834,0.0804192796349525,-0.721281588077545
"IZRFk9kN",-0.234630778431892,-0.429401278495789,-0.0663655251264572,-0.349254816770554,-0.439679890871048
"Iaq3v0t3",1.13748753070831,-0.199870526790619,2.45395684242249,-0.563698768615723,0.963659584522247
"IbVwu1t6",-0.250121712684631,-0.174061149358749,-1.1269748210907,0.136185854673386,-0.733201026916504
"IcHKTLyo",-0.287680774927139,-0.301168024539948,0.248637825250626,0.0975321307778358,-1.18014121055603
"IpW80wVB",-0.119536593556404,-0.202941834926605,-0.657357931137085,0.580233037471771,-0.457473605871201
"Itb0PYUV",1.98026275634766,0.0406363122165203,1.20470356941223,1.30920112133026,-0.270308434963226
"J8fpSwS0",-0.121769189834595,-0.357333391904831,0.376057267189026,-0.652350246906281,1.49542057514191
"JE1SlbD0",0.869202971458435,0.751228034496307,0.395009785890579,2.55043125152588,-1.28896832466125
"JEB4McNb",1.16281092166901,-0.290680199861526,1.70903074741364,-0.273702144622803,-0.428942263126373
"JEE4QVeQ",-0.230473086237907,-0.261541873216629,-0.252186894416809,-0.332537442445755,-0.882891356945038
"JJSEU2VQ",-0.349482655525208,-0.470707178115845,-0.721363365650177,-0.415429979562759,0.791470944881439
"JSsVriP2",-0.0609028413891792,-0.139990046620369,0.774146676063538,-0.722285032272339,0.449473470449448
"JUvQNiOK",0.0051722452044487,0.778367936611176,-0.0424369685351849,-0.256885141134262,0.0644242167472839
"JZbrRtm2",0.344091415405273,0.0503825917840004,1.06516766548157,-0.635027587413788,0.125632733106613
"JcE9G92B",-0.14145140349865,0.146947085857391,-0.468794494867325,0.541359841823578,-0.516778171062469
"JnNYpXHr",0.607777774333954,2.37880325317383,0.368998199701309,1.65825891494751,-0.933807373046875
"JzpbnOtz",-0.371925354003906,-0.3101826608181,0.0306653957813978,-0.519334018230438,1.32273733615875
"JzzUhPQp",2.11287474632263,-0.131006300449371,1.68113815784454,-0.411607623100281,-0.936244428157806
"K05R8dQK",-0.215760320425034,-0.0143583519384265,-0.861840307712555,0.300995290279388,-0.762224793434143
"K17pG2mG",-0.274919837713242,-0.261541873216629,0.539541482925415,-0.479778438806534,0.900111556053162
"K8BellUe",0.0930498167872429,-0.364755392074585,0.0553142204880714,-0.417762368917465,-0.836526215076447
"KJ2eH6rr",-0.156944125890732,0.0719073638319969,0.387363761663437,-0.257767289876938,-0.60024219751358
"KJEJ6Glk",0.774527549743652,-0.0579278692603111,0.417296946048737,1.65414607524872,-1.29642879962921
"KSbO0oXS",0.264789253473282,1.04263973236084,0.793264806270599,1.52784979343414,-1.29500842094421
"KXtvmd01",-0.429651200771332,-0.725774109363556,-0.310798436403275,-0.447184652090073,0.702192485332489
"KYiJqBuJ",-0.164063662290573,-0.261541873216629,0.773590445518494,-0.339268237352371,-0.647434711456299
"KmbAyTcE",-0.06981560587883,0.0974993705749512,-0.47813755273819,-0.435184687376022,-0.135968208312988
"KnNyl3rV",-0.0479377694427967,-0.0976577401161194,0.553609192371368,-0.336582124233246,0.628489136695862
"Kp2DG8TZ",-0.154594600200653,1.42421567440033,0.0567405000329018,-0.553418278694153,0.663421988487244
"KqQtKWs5",-0.322818279266357,-0.261541873216629,-0.526758313179016,-0.444007039070129,-0.263847261667252
"Ku27g63R",3.88060617446899,-0.638163506984711,2.37551736831665,-0.0877230986952782,-0.973783910274506
"L2aTVqDq",-0.269917815923691,-0.216202646493912,-1.3305584192276,0.833191275596619,-0.528417706489563
"L5jvq6G4",-0.35888808965683,-0.340985149145126,-0.383987128734589,-0.45235213637352,0.297169983386993
"L91hYVQl",-0.344134867191315,-0.305016249418259,-0.716407179832458,-0.669657707214355,-0.821346700191498
"LINAMlbA",-0.421075284481049,0.25620174407959,-1.51275932788849,0.515008926391602,0.398811817169189
"LJoUNXSx",-0.292448788881302,0.52806544303894,-1.68666791915894,-0.253895729780197,-1.03950941562653
"LLtSiyWD",-0.346718460321426,-0.172589734196663,-0.775470912456512,-0.680618405342102,-0.143007069826126
"LQJtV8kn",-0.271005928516388,-0.325613081455231,0.89797455072403,0.0415053367614746,-0.873661041259766
"LW9uddw7",-0.164677426218987,-0.235743194818497,-0.714314103126526,1.11823701858521,-1.12671494483948
"LZ6sdBTR",0.778580546379089,0.00900057982653379,0.88338041305542,0.173528775572777,-0.399135023355484
"La2Vhnne",-0.132744312286377,0.0239263791590929,0.542637586593628,1.62889122962952,-0.380167126655579
"LaUWSq9B",-0.203531935811043,-0.384305715560913,0.288365870714188,-0.111322447657585,-0.823394298553467
"Lk4SfkPQ",-0.491471379995346,-0.235725164413452,-0.892158806324005,-0.375613838434219,-0.581273436546326
"LllC836d",-0.238038688898087,-0.408352375030518,-0.574172616004944,0.0960487946867943,-0.624962985515594
"LuGiGeWN",-0.466424375772476,-0.270817339420319,-1.6713433265686,-0.0910978019237518,0.849979043006897
"LzcyHcWa",-0.398282796144485,-0.205267369747162,-0.531960666179657,-0.488505661487579,0.975189983844757
"M7veP0H4",-0.315589725971222,0.39759635925293,-0.0742054954171181,-0.345514237880707,1.45873868465424
"MB8aaJUc",-0.301966458559036,-0.29203400015831,-1.16611886024475,0.238178372383118,-0.405290484428406
"MDpe2zuy",-0.369084507226944,-0.261541873216629,-0.411630243062973,-0.355168402194977,-0.752252280712128
"MEzdmEIU",-0.30459925532341,-0.579152524471283,-0.249470129609108,-0.348728686571121,0.158012315630913
"MVnhtivm",-0.250260561704636,-0.0253431033343077,-0.813777923583984,0.311266928911209,-0.250799149274826
"MYU7WDis",-0.275998204946518,-0.445394337177277,0.418366402387619,-0.533690094947815,0.887129724025726
"MZFqh6yw",1.88563978672028,0.389559358358383,2.16253852844238,-0.407632052898407,0.136118337512016
"Mdgy4SsO",0.915527403354645,-0.034860473126173,-0.0244516022503376,2.06758499145508,-0.854550182819366
"Mj8awnzy",-0.24517822265625,-0.317469954490662,0.400490164756775,-0.590432167053223,1.24011206626892
"MpFPbUJy",1.94317436218262,0.307983636856079,1.57284712791443,1.19413769245148,-0.675590574741364
"Mqk7MFBM",-0.305500239133835,-0.784891128540039,0.690066993236542,-0.608385801315308,0.865982055664062
"Mqs2t1Eo",-0.552855134010315,-0.0320838391780853,-0.727889478206635,-0.237400054931641,-0.583755135536194
"Mv3jFVxp",-0.312512427568436,0.34892663359642,-0.344382464885712,0.0145864309743047,0.275249570608139
"MxODTXvA",-0.307761579751968,-0.0833406448364258,0.793901979923248,0.202591240406036,-1.14744532108307
"N46PbpPM",-0.389510810375214,-0.164288550615311,0.378213733434677,-0.51287579536438,1.77871525287628
"N5S5F9Gk",-0.438375651836395,-0.226810798048973,-1.83140468597412,-0.128604546189308,1.39260041713715
"NLDg5fqw",0.19883868098259,-0.145103648304939,0.335940569639206,-0.324176996946335,0.66788387298584
"NOho2ZiM",2.47467088699341,-0.24368542432785,1.66486346721649,0.330534279346466,-0.848132908344269
"NUuY7PFU",2.2590229511261,0.229000449180603,1.25767803192139,1.26904952526093,-0.762310802936554
"NV1e8AEO",-0.378249555826187,-0.0287426710128784,-0.053714781999588,-0.333932518959045,1.03110861778259
"NZLXROKC",-0.185923084616661,-0.261541873216629,0.17875936627388,0.611162602901459,-0.647432327270508
"NaJo7C6o",0.167825669050217,-0.275958478450775,0.800653040409088,-0.0169600583612919,-0.423683226108551
"NgsyGkrO",0.0829040482640266,-0.32640329003334,0.447128176689148,0.316265374422073,-0.986195981502533
"NjOx4Zpo",-0.371001422405243,-0.186066925525665,-1.08868157863617,1.37425684928894,-0.93830680847168
"NmQoI7x0",1.79325318336487,-0.194654673337936,2.02973222732544,-0.410407930612564,-0.419731974601746
"No4wkdLS",-0.301894158124924,-0.261541873216629,-0.675489544868469,-0.62196946144104,-0.511971116065979
"NouMwhOf",-0.404652655124664,-0.361099183559418,0.39474168419838,-0.0723200067877769,-0.474131017923355
"O6YAWd8C",-0.294256001710892,-0.345346689224243,0.383271753787994,-0.0848961398005486,-1.05278384685516
"OAXVphSh",1.62074184417725,-0.0374617837369442,1.79694175720215,-0.261495113372803,-0.470820754766464
"OJBBhb6Q",-0.353785693645477,-0.309035360813141,-0.523952186107635,-0.518287003040314,1.193363904953
"OSIQXImL",0.672001659870148,0.692098021507263,1.34938549995422,-0.188030600547791,-1.17601823806763
"OUUFc5Zz",-0.38607719540596,-0.313278198242188,-0.143160432577133,-0.583673655986786,0.446703881025314
"OVk1lquT",0.297497272491455,2.28511023521423,-0.00215382617898285,1.58727586269379,-0.601437270641327
"OXdRxjzz",-0.119717739522457,-0.250349521636963,-0.963522255420685,0.428126335144043,-0.646889567375183
"OXxW2ekf",-0.425423622131348,0.00233595771715045,-1.2340053319931,-0.896085679531097,0.0264704246073961
"OXz5OpqR",0.18152517080307,0.948996245861053,0.965613067150116,-0.205234676599503,-0.352302402257919
"OcBFW1AX",-0.428702563047409,-0.189782336354256,-1.80647325515747,0.228018000721931,1.05597269535065
"Of9V2rpt",-0.231185749173164,-0.261541873216629,0.0685896500945091,-0.0535550676286221,-0.300319164991379
"OfLxPhbG",-0.273250490427017,-0.333485245704651,-0.243375882506371,-0.0647129118442535,1.01543736457825
"Ojx2vi48",-0.288712590932846,-0.281720966100693,-0.876671135425568,-0.432570606470108,0.296984732151031
"P3M32iuT",-0.294887334108353,-0.261541873216629,-0.906053900718689,-0.534493327140808,-0.443991661071777
"P7olVzrO",-0.177369266748428,0.558448970317841,-0.560242176055908,-0.273073345422745,0.568823337554932
"PAPHErnv",-0.358768373727798,0.358274936676025,-0.956885576248169,-0.505900382995605,-1.04448485374451
"PBjEtfXb",-0.371605515480042,-0.883229196071625,-0.338712722063065,-0.294251352548599,1.10632514953613
"PZGpoBBj",1.7575227022171,-0.063139297068119,1.72934818267822,-0.522345066070557,-0.623047411441803
"Pc2RrxXS",-0.211015269160271,-0.289199143648148,1.38016736507416,-0.653876900672913,0.192194432020187
"PcHQ4FOu",-0.361231952905655,-0.261541873216629,-0.645241320133209,-0.166557684540749,0.395610213279724
"PeNyTOVN",-0.141597852110863,-1.37283802032471,-0.411229908466339,-0.313395857810974,-0.141087964177132
"PhUPSU53",-0.542679846286774,-0.0473684072494507,-0.810267627239227,-0.258140504360199,-0.685766458511353
"PmUNeV2O",-0.303819924592972,-0.261541873216629,-0.992958188056946,-0.557110786437988,-0.636928021907806
"PoDJ0uvK",1.70040059089661,-0.0563572384417057,1.97855055332184,-0.361997187137604,-0.448186546564102
"PsUJdJdg",-0.202390223741531,-0.0554674305021763,-0.468207538127899,0.559146821498871,-0.617437183856964
"Q3xLFx1f",-0.433328568935394,-0.263863623142242,-1.01668035984039,-0.121034234762192,-0.766187012195587
"QBGxCvdM",-0.267357766628265,-0.261541873216629,0.485094904899597,-0.130682185292244,-0.83547568321228
"QCEPyu6L",-0.339562386274338,-0.199387565255165,-1.09489583969116,0.0565851926803589,-0.318926453590393
"QEfwec4s",4.11746263504028,0.993117690086365,2.08953094482422,1.48733830451965,-0.651462256908417
"QZ87Nnr3",-0.357137501239777,0.315184891223907,-0.203451424837112,-0.544798672199249,1.65692174434662
"QlyGN9jv",-0.353833258152008,-0.0937922522425652,-0.471289664506912,-0.350152105093002,0.40996590256691
"QqgWE1ny",-0.298020631074905,-0.261541873216629,-0.289706230163574,0.196873620152473,-0.616310596466064
"QrjjBpZd",-0.244808986783028,-0.467217832803726,-1.45299136638641,0.678171336650848,-1.66184449195862
"QsaBiX7V",-0.297651588916779,-0.261541873216629,-0.162590011954308,-0.0515876710414886,-0.0482806116342545
"QtBKJuZk",-0.2793969810009,-0.428665459156036,-0.560040950775146,-0.355744540691376,1.49044620990753
"QtPRO8OJ",-0.420212298631668,-0.362976640462875,-1.15118980407715,-0.664905309677124,0.965113997459412
"R8XcsFnp",-0.270826578140259,0.821743488311768,-0.0984184518456459,0.158150196075439,2.12642765045166
"RROfRt9z",-0.120493710041046,-0.31870236992836,-0.0364277884364128,-0.25666418671608,-0.697200298309326
"RTcbiDGq",-0.583272993564606,-0.0657564699649811,0.15549810230732,-0.419417470693588,-0.235419169068336
"RVidM9g0",-0.0346621796488762,0.994837701320648,1.68898689746857,-0.665152847766876,1.5136387348175
"RZnQSH19",-0.414900749921799,-0.392526179552078,-0.394451051950455,-0.526635229587555,0.73596864938736
"Rc4UK7fT",-0.777695536613464,-0.597775757312775,-0.908310532569885,0.391857713460922,1.03178083896637
"RcKBKh6B",-0.420630156993866,-0.709748685359955,-1.10617756843567,-0.284340858459473,0.796290755271912
"ReM5kDa5",-0.320302784442902,-0.294896602630615,0.0524227172136307,0.122854843735695,-0.890668392181396
"RfntsotG",-0.394787967205048,-0.243819266557693,-0.372917145490646,-0.680842339992523,0.268867611885071
"RiXMlzXD",-0.319752871990204,-0.524117648601532,-0.0120246261358261,-0.410521119832993,-0.687895953655243
"Rik83O3m",-0.287964850664139,-0.261541873216629,-0.433433949947357,-0.245446115732193,-0.124784857034683
"S3PCzDzO",-0.206662490963936,-0.0942595526576042,0.517987608909607,-0.44733253121376,0.0622233301401138
"S77BviOJ",-0.358126223087311,-0.261541873216629,-0.61750590801239,-0.112422116100788,0.352719753980637
"SDdvtktF",-0.388184040784836,-0.311931520700455,-0.874123275279999,-0.0806257873773575,-0.607371389865875
"SHs1AyfM",-0.417363822460175,-0.166201531887054,-0.49486169219017,-0.233385890722275,1.84039044380188
"SO4zQy9k",-0.366593420505524,-0.362014561891556,-0.338588714599609,-0.438760697841644,0.472129046916962
"SOOBCoiG",-0.236706510186195,-0.154487013816833,0.150867059826851,-0.597270429134369,1.44268846511841
"SXkkPB7A",-0.256964772939682,0.398054599761963,0.405180543661118,-0.439829289913177,1.07728707790375
"Sa93dGqq",-0.328465610742569,0.0345633924007416,-1.4058723449707,1.23947668075562,0.771663129329681
"SonIG72a",-0.34410098195076,0.261370360851288,-0.550461113452911,-0.103578291833401,0.923063516616821
"Suf6hIBc",-0.37789785861969,-0.00157748465426266,0.234835043549538,-0.432790100574493,0.866860568523407
"Sx2JeSRz",0.05333536490798,-0.278664112091064,0.821603059768677,0.250969350337982,-0.441697001457214
"T1Tlftr4",-0.177374646067619,-0.112583518028259,0.871295988559723,-0.558383226394653,1.51666343212128
"T7ulR4ci",-0.332664847373962,-0.271642088890076,0.044696319848299,-0.706675350666046,1.14216256141663
"TA1NB3Br",-0.249084860086441,-1.04561042785645,0.295915067195892,-0.421989679336548,0.834238111972809
"TFZUskaK",-0.256516873836517,-0.16169211268425,0.00745575409382582,-0.333757400512695,-0.801953554153442
"TNL8HGWZ",-0.307888150215149,-0.28718313574791,0.278877854347229,-0.126970708370209,-1.00394725799561
"TZ8z1GSF",-0.305890798568726,-0.317302376031876,-0.564460277557373,-0.538587749004364,-0.221272975206375
"TqhRvkJJ",1.71464586257935,-0.485905528068542,2.03543305397034,-0.453211605548859,-0.246379166841507
"TtJCUiY4",0.08465376496315,-0.507005929946899,0.161907836794853,-0.724624812602997,1.32504141330719
"TwDq0lua",0.263335824012756,-0.270632177591324,0.5711989402771,-0.27114599943161,-1.06541645526886
"Tzyf02sI",-0.137779265642166,0.780727744102478,0.762263178825378,-0.547742247581482,1.31716239452362
"U3yI6ZS5",3.45014691352844,0.230026423931122,1.89484763145447,1.82177186012268,-0.406849503517151
"UBLnXZAN",-0.430178314447403,-0.265036553144455,-1.57196044921875,1.84658586978912,-1.85147905349731
"UBWDzleg",-0.150586992502213,-0.309551209211349,-1.15390288829803,0.34858575463295,-1.25546383857727
"UBqkX6SY",1.50457274913788,0.118353836238384,1.56956672668457,-0.310407757759094,-0.556804180145264
"UCIAi1Aj",-0.379770308732986,-0.2826808989048,-0.475006610155106,0.19231604039669,-0.944261193275452
"UPbXGvCS",-0.23747207224369,-0.298902451992035,0.667400777339935,0.0142105091363192,-0.921911597251892
"UeWm1l9F",-0.174187585711479,-0.223288491368294,-1.08814775943756,0.974828660488129,-0.466761589050293
"UhucscY7",-0.625804007053375,-0.396181762218475,-1.05142986774445,-0.463615655899048,-1.20861053466797
"Uri1SvHV",-0.263933062553406,-0.303204447031021,0.40339058637619,0.0742709338665009,-1.00104999542236
"UzxipGJS",-0.314796537160873,-0.824276149272919,-0.680781185626984,-0.370858311653137,0.366421669721603
"V74zfaAQ",-0.310880124568939,-0.305306166410446,0.269392222166061,0.134165793657303,-1.14459300041199
"VBPxBLTh",1.69679772853851,0.0586155615746975,1.34438240528107,0.596055686473846,-0.617840826511383
"VLG7CXYS",-0.363795042037964,-0.513644993305206,0.116319127380848,-0.053082711994648,0.572010695934296
"VNk52SpF",-0.329371154308319,-0.298747539520264,-1.41722238063812,1.9186042547226,-1.52733647823334
"VOREKsok",-0.49474024772644,-0.077599823474884,-0.852716743946075,-0.65395587682724,1.60136961936951
"VRhTr5pX",-0.377534806728363,-0.100455582141876,-0.452547609806061,-0.611905932426453,-0.0506864152848721
"VTcG4Kcw",-0.117178536951542,-0.667500376701355,0.80277293920517,-0.378916829824448,1.07000362873077
"VeKiWSbS",-0.303448557853699,-0.589091300964355,0.171945035457611,-0.413085669279099,0.717607438564301
"VnU8nJHU",-0.31058531999588,-0.261541873216629,0.00720135634765029,-0.284267961978912,-0.167667537927628
"VueNCxYv",-0.489250689744949,-0.26329305768013,-1.02986812591553,-0.469583570957184,0.124407581984997
"VxuQTRUl",-0.314357787370682,-0.261541873216629,-0.184197023510933,-0.373478084802628,-0.0125978551805019
"W5lgaocA",1.38335263729095,-0.662004113197327,2.3927583694458,-0.434327244758606,0.285503953695297
"W5mMq9Ef",-0.362871408462524,-0.180385261774063,-1.19255268573761,0.169007048010826,-0.133061125874519
"WDhNqFpS",-0.247940763831139,-0.079901248216629,0.39942342042923,1.78748095035553,-0.997601389884949
"WE6n1kZi",-0.353885024785995,-0.375595569610596,-1.4216570854187,0.584379494190216,-0.801942765712738
"WFk6r3vA",-0.337255626916885,-0.261541873216629,-0.670763254165649,-0.199710384011269,0.429783463478088
"WFyIrsUR",-0.476200431585312,-0.20718677341938,0.0225043501704931,1.6510819196701,-0.993445873260498
"WG6ZAsqR",-0.407178342342377,-0.0320727303624153,-0.907694756984711,-0.689478814601898,1.11575317382812
"WMq3CZQk",-0.404068559408188,-0.167712092399597,-1.22095251083374,0.619435489177704,-1.140016913414
"WRskmGjh",-0.392200946807861,-0.261541873216629,-0.700788140296936,-0.473476976156235,-0.541900277137756
"WXijSglj",-0.507279753684998,-0.295008152723312,-1.36380004882812,-0.266601651906967,-0.441762745380402
"Wc0stQgu",-0.267013251781464,-0.243312150239944,-1.18151104450226,0.457908809185028,-1.07973897457123
"WewoSCUB",-0.324947088956833,-0.272325575351715,-0.782322943210602,-0.497058928012848,-0.0183134395629168
"WuHuhHWJ",-0.165043488144875,-0.479457318782806,0.244129255414009,-0.547016739845276,0.773873209953308
"Wv7EBtZb",1.35174250602722,1.82064270973206,1.46917498111725,0.00135918729938567,-0.997568249702454
"WyPlxDn0",-0.342677682638168,-0.0160861946642399,-0.255015015602112,-0.479172736406326,0.917587161064148
"X3WqoSNN",2.60785508155823,0.0623179338872433,1.2861180305481,1.09776997566223,-0.352977424860001
"XDhyP9KB",-0.320289492607117,-0.261541873216629,-0.656965970993042,0.249045670032501,-0.529375851154327
"XQxhDRMG",-0.552972018718719,0.21195524930954,-1.63995933532715,0.0390833429992199,0.558546483516693
"XjLNAwxW",-0.267938822507858,-0.293154269456863,0.403347283601761,0.261146008968353,-1.06735801696777
"XjfVQbXd",0.310720562934875,0.336925864219666,1.99296951293945,-0.607261776924133,-1.00823187828064
"Xovczbf6",-0.485012143850327,-0.00747018400579691,-0.774659931659698,-0.546804308891296,1.67725098133087
"Y8H4onBf",-0.343917965888977,-0.26338005065918,-0.209705621004105,-0.572935461997986,0.299237102270126
"Y8YgzSZ9",1.42728114128113,2.7366156578064,1.38877940177917,0.608658492565155,-0.0961693376302719
"YC4PNV20",-0.370863378047943,-0.261541873216629,0.237799569964409,-0.512246251106262,1.82570779323578
"YDHSCRdd",4.69797992706299,0.486962348222733,2.20936822891235,2.29279351234436,-0.418996095657349
"YIJ87aME",-0.286736935377121,-0.278591275215149,-0.0482123680412769,-0.327734708786011,0.156348884105682
"YKvT4dFv",-0.0673035010695457,-0.249063044786453,-0.798507809638977,0.626860439777374,-0.107808813452721
"YNebALR2",-0.395967185497284,-0.262327164411545,-1.8582706451416,0.0732069090008736,0.777739644050598
"YNrnqFyb",-0.376383513212204,0.0694721788167953,-0.417437106370926,-0.456043392419815,0.27887499332428
"YUZ4lR3m",-0.3185675740242,0.384562462568283,-0.329634368419647,-0.300239384174347,0.312951356172562
"YYLvjoVC",-0.0141788134351373,-0.278817415237427,0.21832187473774,-0.259697288274765,0.0212276242673397
"Yb8OtMb2",-0.165809035301208,-0.2973872423172,0.494250744581223,0.221932902932167,-0.829656183719635
"Ycg4lTYw",-0.44838672876358,-0.610219240188599,-0.0844352319836617,0.294264763593674,-2.52062892913818
"Yfk6tekH",0.204231664538383,0.0378207005560398,0.997658371925354,-0.396937251091003,-0.713991522789001
"YoSfgmR6",-0.383525133132935,-0.261541873216629,-0.475789457559586,-0.229694470763206,-0.234087571501732
"YpzFvexy",-0.433533847332001,-0.374666601419449,-1.38153612613678,-0.160379499197006,0.178367465734482
"Yxqppfa3",-0.248097851872444,-0.278989881277084,0.137334674596786,-0.104359276592731,-0.418877571821213
"Z16jTUvP",-0.507358849048615,-0.396842032670975,-1.22171354293823,-0.221777349710464,-0.0982561036944389
"Z2BdCCbJ",-0.358885854482651,-0.0160675942897797,-0.0507574081420898,-0.303548753261566,1.0200103521347
"Z2JJMM6V",-0.399484604597092,0.261427402496338,-0.418049573898315,-0.229816272854805,-1.52194058895111
"Z5jE1OB5",-0.253521531820297,-0.559378862380981,-0.270524621009827,-0.169869035482407,0.342203825712204
"ZFsIqYxA",-0.346232026815414,-0.292504996061325,-0.238071113824844,0.020675964653492,0.203765124082565
"ZHDVsoRh",-0.2878178358078,-0.191785275936127,-0.994632482528687,0.0777423679828644,-0.729793965816498
"ZSmfu2Fc",-0.265737622976303,-0.719589293003082,-0.5539670586586,0.130895912647247,-0.423528999090195
"ZU8YXF3H",-0.434241116046906,-0.0219167470932007,-0.704788684844971,-0.620702266693115,1.52226495742798
"ZXKaNy6Z",-0.442508906126022,-0.431582659482956,-0.952749490737915,-0.43459364771843,1.65302586555481
"ZbYLo0zK",-0.0270324051380157,-0.810740411281586,-0.437742173671722,-0.549939632415771,0.399077504873276
"ZedN8Gcn",-0.395216405391693,-0.210886657238007,0.818112909793854,-0.286449253559113,-0.0707429572939873
"ZgD4Dau6",-0.213014230132103,0.0638705343008041,0.0109003186225891,-0.31354433298111,-0.626082599163055
"Zgzf79LA",-0.328067809343338,-0.261541873216629,-0.840960800647736,-0.553744077682495,-0.257309406995773
"ZjqzxDOF",0.373057425022125,-0.20600463449955,2.01081323623657,-0.470450818538666,-0.277508646249771
"ZsZ5aDpq",-0.0890207588672638,0.190973699092865,0.275820255279541,0.416079789400101,-0.786744654178619
"ZtyqE7If",-0.247885704040527,-0.0963388085365295,-0.485159128904343,0.128486946225166,-0.733488738536835
"ZvUgz01f",-0.263644427061081,-0.267929881811142,0.447415560483932,-0.662316143512726,1.08415496349335
"ZwrhgdQV",0.510851263999939,-0.0112732341513038,0.739191174507141,0.845924854278564,-0.639630973339081
"a7bhJGBU",2.16154408454895,0.0797237604856491,1.18057978153229,0.87687623500824,-0.168036505579948
"aHpv6KzP",3.82469630241394,-0.065614715218544,2.08395743370056,1.17404747009277,-0.594408869743347
"aINzEBVN",-0.28810915350914,-0.261541873216629,-0.354740828275681,-0.352270245552063,-0.962247252464294
"aP9EtTGF",3.09399962425232,-0.270424276590347,2.10452055931091,-0.517419517040253,-0.547611892223358
"aV6EhtSL",-0.349501818418503,-0.261541873216629,-0.311282485723495,-0.48950520157814,0.282989829778671
"aVZsXKoH",1.6552654504776,-0.216967135667801,1.57801163196564,-0.642652988433838,-0.408795356750488
"aYVnVJvc",-0.286359518766403,-0.367469817399979,0.679080426692963,0.879453122615814,-1.09057903289795
"abCzN1zx",-0.376751720905304,-0.22899903357029,-1.47091996669769,0.56549346446991,-0.815472304821014
"ae7sMiB4",-0.193974301218987,0.42898765206337,-0.0344261564314365,-0.295455247163773,-0.640138983726501
"afsVuCGV",-0.429390490055084,-1.17060101032257,-0.801759243011475,0.214428305625916,-0.0950569957494736
"aiwBQETI",-0.287812441587448,-0.278922200202942,0.356760829687119,-0.0308432448655367,-0.864246666431427
"aiyli4EI",1.88044416904449,3.27975130081177,1.21027493476868,1.582688331604,-0.630970597267151
"apJ7NmzD",2.60218501091003,-0.0561157576739788,1.88354277610779,-0.365809381008148,-0.852124631404877
"atVjNMtQ",-0.107311919331551,-0.639719426631927,-0.935261785984039,2.72486186027527,-1.94348442554474
"b5GirVGV",-0.362804234027863,-0.262690871953964,-0.247757896780968,-0.655963897705078,0.20327140390873
"b9SpMjNB",-0.0468039028346539,-2.20206189155579,0.16337463259697,-0.0951504111289978,0.549826979637146
"bAFs37yy",-0.376352369785309,-0.282258689403534,-0.204202756285667,-0.605881214141846,0.694242835044861
"bDia1hHV",-0.502488374710083,-0.247351601719856,-0.352052748203278,0.172923982143402,-0.579240381717682
"bFkv5Mtr",-0.240050777792931,-0.261541873216629,0.162933245301247,0.305035352706909,0.0458368621766567
"bHe2IXgA",-0.155912294983864,-0.787720680236816,-1.20603895187378,2.72006249427795,-1.74726617336273
"bWX3vUm5",-0.276008874177933,-0.272601664066315,0.153645798563957,0.238882273435593,-1.09321439266205
"bat8tcGs",-0.252972275018692,-0.457949012517929,-0.0709334015846252,0.287331283092499,-1.03359580039978
"bfjej4wu",-0.349615454673767,-0.289237499237061,-0.402140736579895,0.50885534286499,-1.32063603401184
"bh04YDiP",-0.159592255949974,-0.375981837511063,-0.94058895111084,0.161249563097954,-0.696255922317505
"c110Fdc8",-0.390265285968781,-0.318371504545212,-0.481438934803009,-0.356050550937653,0.455749899148941
"c32GUzMa",-0.419391095638275,-0.270462602376938,-1.6565660238266,0.293832689523697,1.02251994609833
"cT6uU0B0",-0.499360382556915,-0.612166881561279,-0.776334583759308,-0.325303673744202,0.941320478916168
"cWXCiFwh",-0.382313400506973,-0.292413681745529,-0.317721635103226,-0.443183839321136,-0.686300754547119
"ceNvS3yd",-0.26287254691124,-0.23811399936676,-0.85192459821701,0.320127964019775,-0.12348211556673
"cmwdt4Av",1.4886668920517,-0.0875706970691681,1.23330342769623,0.243067175149918,-0.425800681114197
"cn4EHsup",-0.380295485258102,-0.369869768619537,-1.13774335384369,0.184172868728638,-0.382405012845993
"crVOGGTT",-0.663131833076477,-2.46330738067627,0.317444711923599,-0.548858523368835,0.925167202949524
"csPEJ1E5",-0.356233209371567,-0.261541873216629,0.00417825067415833,-0.393841624259949,-0.716777622699738
"d0UrRtMk",-0.404676467180252,-0.144670397043228,-0.743103802204132,-0.732176542282104,1.47738111019135
"d6LU4G4I",-0.29337415099144,-0.267597287893295,-0.406126141548157,0.434335201978683,-0.539988577365875
"d74T1DVv",-0.352338165044785,-0.257525026798248,-1.19729912281036,1.48578488826752,-0.818078756332397
"dR6rM1tQ",0.0578110814094543,-0.41746512055397,0.0978320389986038,-0.146334394812584,-0.805400729179382
"dUNxOoqg",-0.453477174043655,-0.216578796505928,-1.13369178771973,0.406374454498291,-1.22486388683319
"dUnlyhj7",0.272487610578537,-0.304080277681351,1.21715927124023,-0.422748774290085,0.184614196419716
"dVDlnZQ6",-0.359294176101685,-0.439660251140594,-0.873451888561249,0.511335611343384,-1.90286004543304
"dVT26GDu",0.0211058389395475,-2.5811448097229,-0.382654905319214,-0.458868891000748,0.682198524475098
"de43ycXY",0.39023619890213,1.33471024036407,0.753041326999664,-0.560673236846924,0.102996625006199
"dfIn7m9z",-0.233665406703949,-0.16315159201622,-1.14865481853485,0.165111154317856,-0.618411600589752
"dhmb9ZY9",3.34084701538086,0.0905448943376541,2.18015813827515,1.53484284877777,-0.675455152988434
"dn8kCuyf",-0.356636971235275,-0.480913311243057,-0.437027871608734,-0.401303857564926,0.896960258483887
"dpcquvWW",-0.289892941713333,-0.173224702477455,-0.299029529094696,-0.486378759145737,-0.0693414211273193
"dqcbIMyr",-0.400429129600525,-0.261541873216629,-1.6797696352005,-0.106652557849884,-0.078143484890461
"drWgsBf5",-0.442691028118134,-0.144633144140244,-0.725299119949341,0.329580068588257,-0.229623973369598
"dytx0HSe",-0.449130147695541,-0.0105951363220811,-1.28066694736481,-0.585160613059998,1.06383240222931
"e4KkkIha",1.84912586212158,-0.0544825308024883,2.16736006736755,-0.490276366472244,-0.873286783695221
"e9YorH4m",-0.511775195598602,-0.778226554393768,0.859442353248596,-0.797010600566864,1.23305225372314
"eB9gVQ0R",-0.0731609240174294,-0.716494560241699,-0.65825742483139,-0.785373330116272,0.960392713546753
"eMhLFqU6",-0.395233064889908,-0.277880817651749,-1.64786267280579,0.16251315176487,0.435020327568054
"eMllg1qm",0.352435737848282,0.867541968822479,0.402444154024124,-0.58889764547348,-0.759889900684357
"eNPunZ9i",-0.309900313615799,0.60033130645752,-1.48394620418549,0.851993501186371,0.297232955694199
"eS5BSM4J",-0.308698624372482,0.0145097421482205,-0.193512812256813,-0.485581666231155,1.2963525056839
"eVGMFoOI",-0.491383999586105,-0.628587901592255,0.567019581794739,-0.637915134429932,1.19781506061554
"eaIwb3rG",-0.127041921019554,-0.333601087331772,0.891287207603455,-0.359849780797958,2.60660314559937
"eyzw8Vis",-0.373524606227875,0.182440847158432,-0.305543601512909,-0.482177495956421,0.867873013019562
"f04Ke2bN",-0.312049955129623,-0.114685691893101,-0.885849416255951,0.144292622804642,-0.296228349208832
"f4GA0te1",-0.144413441419601,-0.1612638682127,-0.874561607837677,-0.499221712350845,0.414517551660538
"f7bd91h5",-0.337519109249115,-0.266976088285446,0.0846679359674454,-0.553442478179932,1.24922513961792
"fB7z9ndr",-0.320527613162994,0.00680733006447554,0.470960825681686,-0.423578232526779,1.21410977840424
"fEe7AWFA",-0.342810213565826,-0.422389298677444,0.0763981342315674,-0.238085389137268,-0.569111824035645
"fJJIbgY9",0.427956491708755,0.361124157905579,1.06875169277191,-0.501267552375793,-0.557476460933685
"fQBURMvg",-0.368196099996567,-0.212719276547432,0.105352655053139,-0.264447271823883,0.972329020500183
"fS0HpOub",-0.375934094190598,0.0191823355853558,-0.258790194988251,-0.478010207414627,0.529751121997833
"fTDXauuk",0.30114620923996,-0.251386046409607,0.843692541122437,-0.559427797794342,-0.456930965185165
"favPNA2N",-0.146053805947304,0.185948044061661,-0.881623804569244,1.1306529045105,0.464052110910416
"g3Fv0U4k",-0.437862873077393,-0.359428644180298,-1.38553237915039,1.01626348495483,-1.2621545791626
"g5PKo2E2",0.599558711051941,-0.267709463834763,0.712464034557343,-0.192477062344551,-0.494703382253647
"gbjnD5fe",-0.365508586168289,-0.787843823432922,-1.4249449968338,-1.07123804092407,0.965037107467651
"ge9zqXCv",-0.681695759296417,-0.294380724430084,-0.59280651807785,0.479291260242462,-1.24952447414398
"geeqJpSE",-0.428961277008057,-0.167587980628014,-0.0299825333058834,-0.639701128005981,0.985773324966431
"gqy1J2RS",0.120693974196911,-0.261541873216629,0.3349848985672,0.176756322383881,-0.981393396854401
"grlUtS3H",-0.210785612463951,-0.105144686996937,-0.491408109664917,0.345642894506454,-0.660030901432037
"gx965KYj",-0.363724380731583,-0.237662836909294,-0.29870468378067,0.0866198986768723,-0.824942708015442
"h3F08Vjm",-0.335056483745575,-0.284096419811249,0.188565954566002,-0.454718798398972,1.08606469631195
"h6FQG8Iy",-0.258065819740295,-0.748994290828705,1.21473789215088,-0.491397589445114,1.26956832408905
"h7ftM8b3",1.82096755504608,-0.0043337419629097,1.70965182781219,-0.45825070142746,-0.739912211894989
"hLrCHXZv",-0.274092376232147,-0.318406462669373,0.721971094608307,0.149399086833,-0.834084093570709
"hQ6VBuFx",-0.0126904370263219,-0.875271916389465,-0.325643211603165,-0.653630018234253,0.830869853496552
"hYoR2y7w",-0.519903421401978,-0.193252682685852,-0.618474245071411,-0.068015068769455,-0.854312539100647
"hf65yZkM",0.323964595794678,-0.215579137206078,0.37775394320488,1.22155702114105,-0.757379949092865
"hjuwe1x4",-0.254632771015167,-0.261541873216629,0.252808004617691,-0.334938555955887,0.482748597860336
"hyINlsFR",-0.468731611967087,-0.162251502275467,-0.829650640487671,-0.0327233634889126,0.681181669235229
"i0Qlm9Bv",-0.0240349881350994,-0.702903807163239,0.0754855498671532,-0.515041589736938,0.863323032855988
"i1VxfxMb",-0.214019611477852,-0.403843224048615,-0.250887185335159,-0.527901947498322,1.14728200435638
"i2l6jXNP",-0.405928194522858,0.18529886007309,-0.894253492355347,-0.155091255903244,0.0956407636404037
"i4FgPZv7",-0.332467943429947,0.172902524471283,0.18781316280365,-0.599673986434937,1.00020945072174
"i7XtIkSi",-0.444827646017075,-0.23657351732254,-0.58468633890152,-0.324138253927231,-0.487267673015594
"i9z346Ut",-0.481841892004013,-1.11623561382294,-0.89117044210434,0.629774689674377,0.0163825172930956
"iDOat4cZ",2.36448311805725,-0.157171219587326,1.61361801624298,-0.45159712433815,-0.834376156330109
"iNv6RoSO",-0.328665167093277,-0.187068223953247,0.139350891113281,0.167102307081223,-0.0309987366199493
"iSL9NYzy",4.29742527008057,0.0909775793552399,2.02235627174377,2.08833718299866,-0.485050439834595
"iSqVc1r8",0.264616549015045,1.75506329536438,0.726120710372925,-0.516525089740753,-0.0805620178580284
"iYZMftt6",-0.708794474601746,-0.16742667555809,-0.29480367898941,-0.456450700759888,-0.567758619785309
"ieTPaa3c",-0.263964980840683,-0.317314684391022,-1.2899968624115,-0.19976969063282,-0.612616419792175
"if7BmzU0",-0.384593218564987,-0.0670838430523872,-0.0393257066607475,-0.60327285528183,1.10650408267975
"ihNz5bmx",-0.341864466667175,-0.169609904289246,-0.548245489597321,0.103084325790405,-0.720929861068726
"ikJXKdIN",-0.368451982736588,-0.310898900032043,-1.26391708850861,-0.585640907287598,0.83437305688858
"iq2kxikN",-0.273891270160675,-0.261541873216629,-0.055700920522213,-0.0387705229222775,-1.22231614589691
"iuZEDJK7",-0.433740526437759,-0.413419872522354,-0.451399445533752,-0.567009747028351,0.664170503616333
"iyF8gVT7",-0.272739619016647,-0.361639261245728,0.15494267642498,-0.522046327590942,1.35905742645264
"j06qdQ0V",-0.523959577083588,-0.00203721015714109,-0.0628228783607483,0.0477114319801331,-0.00246502715162933
"j7hl8svO",-0.549494326114655,-0.402648001909256,-0.36258852481842,-0.118811540305614,-0.814147889614105
"j8hMoJUN",-0.297430753707886,-0.286855190992355,-0.60932058095932,-0.661632776260376,-0.493262022733688
"jNaFasbV",-0.495076060295105,-0.416073173284531,-1.24593901634216,0.0355733782052994,-1.18380451202393
"jVVHeYHT",-0.162598222494125,0.786969661712646,-0.129799753427505,-0.340440452098846,1.21985638141632
"jXm4ySvK",-0.365346610546112,-1.01866698265076,-0.365781456232071,-0.228593960404396,0.632422685623169
"juO5ii5l",-0.250730961561203,0.00907828379422426,0.256489485502243,-0.400558710098267,-0.267478466033936
"k2hdEBsU",-0.314353406429291,-0.292589247226715,-0.247828274965286,-0.464608728885651,1.44462859630585
"k3ynMfhN",0.341102659702301,-1.46598720550537,0.937594771385193,-0.341968536376953,0.761691629886627
"k9C9yBtr",-0.255178987979889,-0.295139998197556,0.543803691864014,0.342128187417984,-0.813154458999634
"kAKRvcRo",-0.444887727499008,-0.576645016670227,-0.816032946109772,-0.0790186673402786,-1.89142978191376
"kBi3R2oC",-0.256965279579163,0.00573381222784519,-0.122281029820442,-0.354659050703049,-0.542494833469391
"kDWmnsXe",-0.287263572216034,-0.261541873216629,0.494145184755325,-0.433568120002747,0.166539013385773
"kSGBd2Vh",-0.341962695121765,-0.151721745729446,-0.0672340020537376,-0.542093992233276,0.808618128299713
"kT0miHPT",-0.380753815174103,0.0763294324278831,-0.632992744445801,-0.61591374874115,0.171294152736664
"kaW0TfRn",-0.4204041659832,-0.104568473994732,-1.10043454170227,-0.639229238033295,0.461908459663391
"kmg3SowO",-0.176073431968689,-0.256017714738846,-0.87673020362854,-0.0145177179947495,-0.647893071174622
"kpxKSlnF",2.08055114746094,0.597822964191437,1.75175631046295,0.645066678524017,-0.149856299161911
"ku2cn1MV",0.604606688022614,0.744699239730835,1.45799887180328,-0.228380993008614,-0.276824116706848
"l1su5HU9",0.357806652784348,-0.397540122270584,-0.666321694850922,-0.26739239692688,0.276595324277878
"l8Tg2RvD",-0.140428528189659,0.408397346735001,0.537175834178925,-0.53516286611557,0.3495172560215
"lB6NsVOc",-0.297859877347946,-0.00717601180076599,-0.205776616930962,-0.680567979812622,1.58436942100525
"lEcdVyKk",-0.372289597988129,-0.0257763583213091,-0.652008473873138,-0.395653605461121,0.86650151014328
"lH4TasGl",-0.0312532112002373,-0.209364205598831,0.380661517381668,-0.45990651845932,-0.539129197597504
"lO9aggHW",-0.235266834497452,-0.261541873216629,0.263870775699615,0.374175876379013,0.0416387543082237
"lW3m9Vzu",-0.464641332626343,-0.0482335165143013,-0.806381046772003,-0.334864169359207,0.25114306807518
"lYLseGDP",0.181719899177551,-0.335633873939514,0.489586591720581,-0.407308369874954,0.47683373093605
"lcOnCdZi",-0.199248313903809,0.0329183600842953,0.79124790430069,-0.55478709936142,-0.337548792362213
"le9YGwON",-0.01941460929811,-0.492024421691895,-0.0784128233790398,-0.497146040201187,-0.299735546112061
"llMvu3TX",2.25701785087585,-0.098788283765316,2.74961876869202,-0.459789752960205,0.174230098724365
"lnHh2jFO",0.294058263301849,0.682115256786346,0.962459444999695,-0.485743850469589,0.308717161417007
"m07CVXd4",-0.317303597927094,-0.201057091355324,0.63265073299408,-0.68336021900177,1.31739091873169
"m1lPk91z",-0.218820750713348,-0.287499576807022,0.461287349462509,-0.625693261623383,1.22714591026306
"m9IQdmwa",-0.39824715256691,-0.0455444604158401,-0.229568734765053,-0.53790420293808,0.482828795909882
"mG9BRy5x",-0.331096172332764,-0.261541873216629,-0.0979169309139252,-0.077852338552475,0.162826538085938
"mVHXnama",-0.265098810195923,-0.261541873216629,-0.66548228263855,-0.324806988239288,-0.637343466281891
"mXyrR6nU",-0.302116364240646,-0.273759484291077,-0.73082971572876,-0.400074928998947,0.688729047775269
"mbzNdxNc",-0.184651166200638,-0.206192538142204,-0.647096753120422,0.0935094207525253,-0.343435913324356
"mntH7g3L",0.21195462346077,1.3964706659317,0.689623475074768,-0.576558172702789,0.0310580749064684
"msRTXP3H",-0.0754780769348145,-0.912042796611786,0.187740489840508,-0.0183774325996637,0.871404528617859
"mxBjvIPR",-0.344815403223038,0.269019395112991,-0.323870837688446,-0.5545374751091,-0.0975453853607178
"n8Opmfbz",1.45737648010254,0.445900440216064,2.14242744445801,-0.366470783948898,-0.781735718250275
"nOkgU29Q",-0.317596077919006,-0.0889253541827202,-0.90338259935379,0.584099769592285,-0.778128623962402
"nhttf7VM",0.160945117473602,0.985574722290039,0.777873754501343,0.0026590081397444,-0.644636929035187
"njLbXYa3",-0.108792833983898,-0.0774104669690132,0.606247961521149,-0.388381987810135,-0.311814904212952
"nwkIpzmh",0.373388856649399,-0.0471286959946156,0.834110975265503,-0.425859987735748,-0.47834238409996
"nzB1R9Zg",-0.0280028413981199,-0.314682006835938,1.12153947353363,-0.540755093097687,0.492493331432343
"o1rZRI84",-0.764514267444611,-0.222832664847374,-1.02137529850006,-0.480947077274323,-0.455309003591537
"o7q5Mbty",-0.165217578411102,-0.276447743177414,-0.339705616235733,-0.379732817411423,-0.62835955619812
"oCBvysqB",-0.386463195085526,-0.312003195285797,-0.143092557787895,-0.564893066883087,-0.665152966976166
"oDmycTPH",-0.342362552881241,-0.317206799983978,-0.965328633785248,-0.599544644355774,1.43579280376434
"oFAXZvQv",-0.345385581254959,-0.261541873216629,-0.729642450809479,-0.174943521618843,-0.00582074047997594
"oHE3M1zX",0.0381648205220699,-0.9447221159935,-0.615338444709778,0.84495735168457,-0.45223268866539
"oMhVmSpV",-0.35147824883461,-0.261541873216629,-0.965172171592712,-0.384435623884201,-0.74798995256424
"oNsDqVbi",0.254263877868652,0.926252126693726,0.906528770923615,-0.404150933027267,-0.347562611103058
"oYAJqQk8",-0.307958126068115,-0.261541873216629,-0.752631306648254,-0.751716077327728,0.401601582765579
"ob5Kb6dW",-0.379030376672745,-0.0591924004256725,-0.958510220050812,-0.429365336894989,0.771353960037231
"obnzqs79",-0.313470542430878,-0.261541873216629,-0.689789712429047,-0.494687855243683,-0.443792283535004
"oncLcgRP",-0.325563222169876,-0.118457525968552,-0.997327983379364,0.200245901942253,-0.472822636365891
"ooWVYaAe",-0.356951206922531,-0.30609118938446,-0.953101992607117,0.442221730947495,-2.03285670280457
"osdyOUnV",-0.360196143388748,-0.270214468240738,-1.64721357822418,0.46280762553215,0.335150063037872
"p7H9CzCv",-0.315309971570969,0.0273501891642809,-1.2362517118454,0.766479671001434,-0.435940772294998
"p7U9hVhY",-0.350093752145767,-0.275873214006424,-0.331983596086502,-0.338043630123138,0.558132708072662
"pE6Cf1RV",-0.327569037675858,-0.615042686462402,0.596831560134888,-0.379458606243134,0.971986293792725
"pI7qzotI",-0.31450617313385,-0.349865406751633,-0.126075714826584,0.120049975812435,-0.595051109790802
"pJrIA4sk",-0.289089500904083,-0.476631283760071,-0.0552309900522232,-0.555111110210419,-0.194125786423683
"pXne2CLZ",0.08651152998209,-0.469382911920547,-0.473106354475021,1.42787277698517,-1.72649729251862
"pZMcDIOS",-0.461834639310837,-0.179458260536194,-0.269286811351776,-0.611108958721161,0.368535250425339
"pavfp3cc",0.120573580265045,-0.262271076440811,1.06058382987976,0.0145128769800067,-0.578319728374481
"pbQdC5L3",-0.346740931272507,-0.261541873216629,-0.239535093307495,-0.610091626644135,0.810463607311249
"pgj7aAFP",-0.383700758218765,-0.682886600494385,-0.724862515926361,-0.276348829269409,0.639815449714661
"pxg8G3ed",-0.36956125497818,-0.157613426446915,-0.995824873447418,-0.150903522968292,1.0963306427002
"q36Npk6l",-0.351980239152908,-0.347132712602615,-1.01313495635986,-0.529297590255737,1.00069606304169
"q4aDOVvq",0.447451263666153,-0.219461441040039,0.799076497554779,0.0924525707960129,-0.862268805503845
"qGmfR9CN",-0.409107714891434,-0.157105937600136,-0.8758864402771,0.718980610370636,-0.728253126144409
"qJ51ODpA",-0.254655092954636,-0.285482794046402,-0.944772839546204,0.642661094665527,-0.679561972618103
"qQX3cs3I",-0.371122658252716,0.304485470056534,0.626745581626892,-0.34864130616188,-0.604680716991425
"qXeIxPb8",-0.404155820608139,-0.572328865528107,-0.352141201496124,-0.392707705497742,0.847163677215576
"qYQ4MShM",-0.137138158082962,0.830506443977356,0.0335865691304207,0.469074249267578,-0.795626103878021
"qa0etnhK",-0.210913017392159,0.0337737165391445,0.199702709913254,-0.148929223418236,-0.685904145240784
"qbL4sboq",-0.40136855840683,0.963729918003082,-0.449810385704041,-0.383802443742752,-0.718365430831909
"qbYrsWHq",1.03144919872284,2.37928819656372,1.661740899086,-0.361725240945816,-0.507007300853729
"r1zmcUqQ",0.636137902736664,0.858810544013977,0.567544281482697,-0.423380464315414,-0.870895206928253
"r54iHeQC",-0.382271468639374,-0.0267361178994179,0.135305464267731,-0.484046190977097,0.751968026161194
"r6xrAnQV",4.75131416320801,1.14122772216797,2.33001613616943,-0.495162904262543,0.0355222038924694
"r9HxnQDg",0.0839682072401047,-0.206999182701111,0.509191989898682,-0.27763557434082,0.774990618228912
"rG8Puuf9",0.858132004737854,0.0636315941810608,0.804090797901154,0.256444334983826,-0.382183253765106
"rGuiefuR",-0.1938316822052,-0.324135512113571,-0.976972222328186,0.388603836297989,-1.25507235527039
"rJ19OhGP",-0.416978687047958,0.0152162034064531,-0.543677031993866,-0.311847895383835,1.08926570415497
"rOCYepHd",0.156760364770889,-0.21456815302372,0.478342831134796,-0.292934626340866,-0.343379855155945
"rQJaOPFI",-0.264949440956116,-0.261541873216629,0.567127823829651,-0.309626281261444,0.1090437322855
"rQhZtZeh",-0.0828728526830673,-0.53499311208725,0.987172722816467,-0.510437667369843,1.24262380599976
"rapmok0w",-0.45263746380806,-0.351329892873764,-1.04688167572021,0.844151675701141,-0.445183902978897
"rgzfnPVu",-0.143584787845612,0.142958700656891,0.846428692340851,-0.490689873695374,0.0861300304532051
"ri4qhb1S",-0.274313658475876,-0.493870675563812,-0.659447610378265,-0.560770809650421,0.177949413657188
"rqpFYzff",-0.344892710447311,-0.261541873216629,-0.139171376824379,-0.546291947364807,0.655072689056396
"rrs22coX",-0.338803589344025,-0.0639871433377266,0.294597774744034,-0.316706717014313,1.0312784910202
"sEeUCQLc",-0.385335624217987,-0.338184267282486,-0.900614500045776,-0.305149704217911,0.407241135835648
"sHScwqQl",-0.543669164180756,-0.22587376832962,0.347140610218048,-0.60535454750061,1.53701341152191
"sNC7DiAt",-0.362099379301071,-0.261541873216629,0.183870017528534,-0.61312347650528,1.86092686653137
"sNK2TSs3",-0.340026259422302,0.212811321020126,0.580964088439941,-0.282835125923157,1.15135622024536
"sO7Su6uw",-0.415108561515808,-0.269406497478485,-1.83696961402893,0.289718389511108,-0.201698169112206
"sOWZx89o",-0.587217271327972,-0.421878784894943,-1.41271388530731,-0.549515187740326,1.27221584320068
"sPbRcPjC",0.0198876969516277,0.13567453622818,-0.123278640210629,-0.139628440141678,-0.745469689369202
"scVUfTKI",-0.179685771465302,-0.279165029525757,0.862095892429352,0.826941788196564,-1.26389396190643
"seRaGeVv",-0.29183429479599,-0.294327825307846,-0.537492156028748,-0.267700165510178,1.45958566665649
"sgtwiYWi",-0.427063554525375,-0.170254483819008,-1.20893478393555,-0.0753914937376976,-0.29135462641716
"sjmLHcT6",-0.306666672229767,-0.261541873216629,-0.41127473115921,-0.440642684698105,-0.17914779484272
"skZUZZGS",-0.328750222921371,-0.261541873216629,0.327528655529022,-0.441888004541397,0.983736932277679
"suAmzADX",-0.412131100893021,-0.0303348246961832,-1.17930197715759,1.4665390253067,-0.530348479747772
"t4GWLqlO",0.560877203941345,-0.491027534008026,1.17907476425171,-0.340124636888504,-0.0135419340804219
"t7gy6Jyy",0.436904698610306,-1.19698143005371,1.44180130958557,-0.823352456092834,0.188577696681023
"tBadzH60",2.5727550983429,-0.108443036675453,2.01282477378845,-0.37203848361969,-0.992790281772614
"tXUWm0hp",-0.17807175219059,-0.0849039778113365,-0.69695520401001,0.179382666945457,-0.590035736560822
"te6UPPxf",-0.390813440084457,-0.261541873216629,-0.432590872049332,-0.423891663551331,-1.17886173725128
"ti2lamkL",0.24635523557663,-0.191290065646172,0.443706482648849,-0.284423470497131,-0.488209962844849
"tr0lpwuU",-0.313249737024307,-0.302765727043152,-0.647419095039368,3.10297298431396,-1.20140790939331
"ttdB5C73",-0.32230743765831,-0.208894744515419,-0.365177690982819,-0.209430053830147,1.76828801631927
"twS8YZu9",-0.422057420015335,-0.331601828336716,-0.458928763866425,-0.533741354942322,0.374829351902008
"tx68W34H",-0.18232025206089,-0.331322133541107,-1.37543034553528,0.653705894947052,-0.77762633562088
"tyQSX4mY",-0.620031476020813,-0.622789561748505,0.280097663402557,-0.504264056682587,0.248051822185516
"tylKCRc0",-0.275383859872818,-0.291570067405701,-0.444258332252502,-0.505271136760712,0.246877774596214
"u1544WUo",-0.406320333480835,-0.443995237350464,-0.874506831169128,-0.442856013774872,1.45471489429474
"uAw9an0d",0.268858224153519,-0.336219668388367,0.370502769947052,-0.334230989217758,-0.444286227226257
"uLZAEXMG",2.74848580360413,-0.197072491049767,1.83790719509125,-0.313285350799561,-0.642355144023895
"uMwe1s7I",-0.12021592259407,-0.439556926488876,0.171113178133965,1.42533242702484,-1.02903020381927
"ufhGeV3q",-0.346515566110611,-0.261541873216629,-0.237573742866516,-0.541831970214844,0.783481240272522
"uhAeGBHo",-0.337191522121429,-0.194128140807152,-1.43366932868958,0.594917178153992,-0.607900142669678
"ujHNlqpw",0.995355725288391,0.179309353232384,1.28342568874359,-0.206956371665001,-0.632675886154175
"ulV6kuhB",-0.332897901535034,-0.748609244823456,0.272373497486115,-0.441163152456284,0.906781017780304
"uohEnNEK",-0.138438299298286,-0.381974130868912,-1.36070227622986,0.0367842763662338,-1.65456426143646
"v1lhA8I4",-0.379874020814896,-0.114171482622623,0.625826299190521,-0.569105863571167,1.86354517936707
"v3JzigLI",-0.366820305585861,-0.307614237070084,-0.293851256370544,-0.762444853782654,0.246870934963226
"v5IwjyIg",-0.586386501789093,-0.267067492008209,-1.04100942611694,-0.266287803649902,-0.836326777935028
"v6lp5TK1",-0.228950902819633,-0.295518279075623,0.688725113868713,-0.60553252696991,1.14675676822662
"v8vOaaWq",-0.382694363594055,-0.567285060882568,-0.919683933258057,0.183662101626396,-0.317120879888535
"vAYKtoil",-0.620956242084503,-0.214449316263199,-0.749522566795349,-0.297790765762329,-0.812324285507202
"vGTNQa6G",3.18347716331482,0.693609952926636,2.08641409873962,0.724473893642426,-0.267078936100006
"vQzNxHoL",-0.39361983537674,-0.308762401342392,-0.236500799655914,-0.564470946788788,-1.14735841751099
"vfZGBUJm",-0.273419350385666,0.0393981263041496,0.201984569430351,0.124171495437622,-0.777662754058838
"vlooVUoT",-0.335750728845596,-0.0944617092609406,-0.55079197883606,1.0647439956665,-0.354000002145767
"vrACvd4O",-0.52292013168335,-0.293119490146637,1.12362241744995,-0.288382232189178,-0.309186726808548
"w8hdjLwb",-0.290479511022568,-0.24523700773716,-0.445192813873291,-0.383980542421341,1.50002181529999
"wAntv4gH",0.443374514579773,0.614056408405304,1.46812725067139,-0.520924389362335,0.855227291584015
"wIUL09q0",-0.344804704189301,-0.284882843494415,-1.20226585865021,-0.527800440788269,-0.276410549879074
"wOzx7Fgz",-0.189853861927986,-0.296613246202469,0.851919949054718,-0.597537100315094,-0.0620936639606953
"wPhjhCJQ",-0.413928836584091,0.0161988809704781,-0.636420369148254,-0.361500710248947,1.09473776817322
"wQSWWmYB",-0.116268299520016,-0.261682569980621,-0.986704409122467,-0.304104834794998,1.14186906814575
"wdIMrXwy",2.37018632888794,-0.339624255895615,2.60029888153076,-0.436802536249161,-0.28028330206871
"wiL9npQc",-0.373306632041931,-0.188106894493103,-0.722781777381897,-0.534974873065948,0.529089450836182
"wnU95Cxn",2.04729580879211,-0.42068675160408,1.65117001533508,-0.447540909051895,-0.708941876888275
"wpJbbjJs",0.063570149242878,0.824579954147339,0.756375074386597,-0.250611484050751,-0.757847905158997
"wsOWTAbI",0.890272438526154,-0.236884251236916,0.934614360332489,1.03954195976257,-0.617650389671326
"wtdBcU3U",-0.334211111068726,-0.314807236194611,-0.793876826763153,-0.61311274766922,-0.512536942958832
"wuKXVxOc",-0.685632884502411,0.237061575055122,-1.81380939483643,-0.585698962211609,0.84532356262207
"wyzadAt8",-0.329367965459824,-0.6750168800354,-0.938441276550293,-0.654852986335754,0.664818644523621
"wzaKzYwi",-0.261725932359695,-0.261541873216629,0.676135718822479,-0.541768074035645,0.95660662651062
"x6GCk4EV",-0.404711157083511,-1.1061555147171,0.0335700400173664,-0.446363747119904,0.956352651119232
"x6lUi3vf",-0.174545243382454,-0.55955582857132,0.265352219343185,0.451145678758621,-0.870243072509766
"x8mwDHv9",-0.375214844942093,0.222117513418198,-0.129706621170044,-0.249372407793999,-0.0273636728525162
"xIYm6puH",0.822357058525085,0.146326437592506,0.0565181002020836,1.15644538402557,-1.02845680713654
"xO6UdpsK",0.686048328876495,1.07483470439911,0.564844012260437,-0.0346755273640156,-1.48576557636261
"xQ2bkOvj",0.00116906326729804,-0.322536200284958,-0.175650179386139,0.375990808010101,-1.47550237178802
"xeXyDCEQ",3.15890645980835,-0.019923523068428,1.61604237556458,1.37100577354431,-0.488090962171555
"xrggHziO",-0.188475012779236,-0.218368723988533,0.238246917724609,-0.269812405109406,-0.0757506489753723
"y1WMCmqQ",-0.21973642706871,-0.198168486356735,-1.32613956928253,-0.644427239894867,-0.131691828370094
"yDngezhM",-0.279817998409271,-0.261541873216629,-0.508368134498596,-0.645933985710144,-0.622850954532623
"yLiFjMD0",-0.622298419475555,-2.31845784187317,0.261176109313965,-0.616619288921356,0.951076149940491
"ySwEBO7w",-0.357024550437927,-0.261541873216629,-0.518365025520325,-0.0470585413277149,-1.09126996994019
"ydC9UsSm",-0.479978382587433,-0.160481214523315,-1.19747269153595,0.736407101154327,-0.560827791690826
"ydEG4VBd",-0.413635164499283,-0.29743292927742,-0.815963923931122,-0.267704039812088,1.2453784942627
"yf76yWXc",-0.0653704628348351,0.807607054710388,1.66917145252228,-0.64090770483017,-0.0878020972013474
"yg70e63n",-0.434134900569916,-0.131954252719879,-0.64909154176712,-0.33674544095993,-0.630094766616821
"ywxtlSKv",-0.652496755123138,-0.0561733990907669,-1.0541318655014,-0.453244060277939,-0.0196735542267561
"yzKPQPOR",0.0422512702643871,-0.488235801458359,0.925615251064301,1.03104448318481,-1.13686370849609
"z5cnOnZ1",-0.427900701761246,-0.264909654855728,0.411222994327545,-0.490027755498886,-0.641006767749786
"zFLkOE0e",-0.197114810347557,-0.308807253837585,0.703274786472321,0.759500503540039,-0.698731780052185
"zGi72mxL",-0.724504113197327,-0.278934389352798,-0.562991797924042,0.00153342180419713,-0.869875609874725
"zN925UV3",-0.342726677656174,-0.302312672138214,-0.430135190486908,1.33299779891968,-1.06238996982574
"zTy2ih7e",-0.483536958694458,-0.279205411672592,-1.91682958602905,-0.314186751842499,1.23243463039398
"zVFzAutw",-0.246342301368713,-3.29746031761169,-0.439460515975952,-0.498803347349167,0.73353374004364
"zYxNAkht",-0.326708823442459,-0.261541873216629,-0.445317566394806,-0.552158057689667,0.679458796977997
"zaWDBai3",-0.598685562610626,0.828852236270905,-0.20532201230526,0.291009455919266,1.87260317802429
"zg3u0Zsx",-0.0312252752482891,-0.156831920146942,-0.292711585760117,-0.22893875837326,-0.371901094913483
"zlwLfdsS",-0.404319167137146,-0.112777136266232,-0.709825932979584,2.02558779716492,-0.937638640403748
"zmbKzVfl",-0.430301547050476,-0.27326101064682,-1.76173233985901,0.493794858455658,0.294303417205811
